<?xml version="1.0" encoding="UTF-8"?>
<preferences>
 <debug showDebugMenu="0" />
 <systemtable filter="All Interfaces">
  <columns>
   <connections preferredWidth="63" />
   <irq preferredWidth="34" />
   <export preferredWidth="244" />
   <inputclock preferredWidth="186" />
  </columns>
 </systemtable>
 <library
   expandedCategories="Library,Library/Processors and Peripherals,Library/Processors and Peripherals/Hard Processor Systems,Library/Processors and Peripherals/Hard Processor Components,Project" />
 <window width="1920" height="1080" x="1600" y="0" />
</preferences>
