<?xml version="1.0" encoding="UTF-8"?>
<preferences>
 <debug showDebugMenu="0" />
 <systemtable filter="All Interfaces">
  <columns>
   <connections preferredWidth="79" />
   <irq preferredWidth="34" />
   <inputclock preferredWidth="194" />
  </columns>
 </systemtable>
 <library
   expandedCategories="Library/Processors and Peripherals/Hard Processor Components,Project/System,Library,Library/Processors and Peripherals/Hard Processor Systems,Library/Processors and Peripherals,Project" />
 <window width="1920" height="1080" x="1600" y="0" />
</preferences>
